{"cameraMode":{"drawMode":0,"name":"Shaded","section":"Shading Mode"},"sceneLighting":false,"audioPlay":false,"sceneViewState":{"m_AlwaysRefresh":false,"showFog":true,"showSkybox":false,"showFlares":true,"showImageEffects":true,"showParticleSystems":true,"showVisualEffectGraphs":true,"m_FxEnabled":true},"in2DMode":false,"pivot":{"x":-4.76837158203125e-7,"y":1.1210509538650513,"z":0.5903105735778809},"rotation":{"x":0.5661548376083374,"y":-0.002165396697819233,"z":0.0015918017597869039,"w":0.8243398070335388},"size":9.457626342773438,"orthographic":false}