{"cameraMode":{"drawMode":0,"name":"Shaded","section":"Shading Mode"},"sceneLighting":false,"audioPlay":false,"sceneViewState":{"m_AlwaysRefresh":false,"showFog":true,"showSkybox":false,"showFlares":true,"showImageEffects":true,"showParticleSystems":true,"showVisualEffectGraphs":true,"m_FxEnabled":true},"in2DMode":false,"pivot":{"x":2.3501694202423097,"y":0.9181647300720215,"z":2.432497501373291},"rotation":{"x":0.5661548376083374,"y":-0.002165396697819233,"z":0.0015918017597869039,"w":0.8243398070335388},"size":6.539602756500244,"orthographic":false}