{"cameraMode":{"drawMode":0,"name":"Shaded","section":"Shading Mode"},"sceneLighting":false,"audioPlay":false,"sceneViewState":{"m_AlwaysRefresh":false,"showFog":true,"showSkybox":false,"showFlares":true,"showImageEffects":true,"showParticleSystems":true,"showVisualEffectGraphs":true,"m_FxEnabled":true},"in2DMode":false,"pivot":{"x":3.9800000190734865,"y":0.1462494134902954,"z":13.490476608276368},"rotation":{"x":0.2884191572666168,"y":-0.36871305108070376,"z":0.12150727212429047,"w":0.8752995133399963},"size":6.131385326385498,"orthographic":false}