{"cameraMode":{"drawMode":0,"name":"Shaded","section":"Shading Mode"},"sceneLighting":false,"audioPlay":false,"sceneViewState":{"m_AlwaysRefresh":false,"showFog":true,"showSkybox":false,"showFlares":true,"showImageEffects":true,"showParticleSystems":true,"showVisualEffectGraphs":true,"m_FxEnabled":true},"in2DMode":false,"pivot":{"x":3.9800000190734865,"y":0.1462494134902954,"z":13.490476608276368},"rotation":{"x":0.17193074524402619,"y":0.016563693061470987,"z":-0.0028800570871680977,"w":0.9849890470504761},"size":6.131385326385498,"orthographic":false}