{"cameraMode":{"drawMode":0,"name":"Shaded","section":"Shading Mode"},"sceneLighting":false,"audioPlay":false,"sceneViewState":{"m_AlwaysRefresh":false,"showFog":true,"showSkybox":false,"showFlares":true,"showImageEffects":true,"showParticleSystems":true,"showVisualEffectGraphs":true,"m_FxEnabled":true},"in2DMode":false,"pivot":{"x":0.192560613155365,"y":4.132781982421875,"z":18.214101791381837},"rotation":{"x":-0.14724092185497285,"y":-0.44046899676322939,"z":0.07348664104938507,"w":-0.8825798630714417},"size":28.396638870239259,"orthographic":false}