{"cameraMode":{"drawMode":0,"name":"Shaded","section":"Shading Mode"},"sceneLighting":false,"audioPlay":false,"sceneViewState":{"m_AlwaysRefresh":false,"showFog":true,"showSkybox":false,"showFlares":true,"showImageEffects":true,"showParticleSystems":true,"showVisualEffectGraphs":true,"m_FxEnabled":true},"in2DMode":false,"pivot":{"x":-0.7013054490089417,"y":-0.007003436796367168,"z":-3.8181979656219484},"rotation":{"x":0.3195038437843323,"y":0.057109929621219638,"z":-0.019286856055259706,"w":0.9456983804702759},"size":3.140371084213257,"orthographic":false}